<?xml version="1.0" encoding="UTF-8"?>
<project-private xmlns="http://www.netbeans.org/ns/project-private/1">
    <editor-bookmarks xmlns="http://www.netbeans.org/ns/editor-bookmarks/2" lastBookmarkId="0"/>
    <open-files xmlns="http://www.netbeans.org/ns/projectui-open-files/2">
        <group>
            <file>file:/media/VirtualHome/student/Documents/Full%20Calculator/src/cs20viewcontroller/DrawnView.java</file>
            <file>file:/media/VirtualHome/student/Documents/Full%20Calculator/src/cs20viewcontroller/ViewUserActions.java</file>
            <file>file:/media/VirtualHome/student/Documents/Full%20Calculator/src/cs20models/MyCalculator.java</file>
            <file>file:/media/VirtualHome/student/Documents/Full%20Calculator/src/cs20viewcontroller/ViewOutputs.java</file>
            <file>file:/media/VirtualHome/student/Documents/Full%20Calculator/src/cs20models/AllModelsForView.java</file>
        </group>
    </open-files>
</project-private>
